slug,title,meta_desc,html_content
contact-lists,Remove Duplicates from Contact Lists in Excel,Learn how to clean up contact lists by removing duplicates in Excel using RDIE.,<h1>Remove duplicates from contact lists in Excel</h1><p>Excel users often face duplicates when managing contact lists. RDIE simplifies the cleanup process with smart matching techniques. Upload your file now and clean up your spreadsheet instantly.</p>
bank-statements,Remove Duplicates from Bank Statements in Excel,Learn how to clean up bank statements by removing duplicates in Excel using RDIE.,<h1>Remove duplicates from bank statements in Excel</h1><p>Excel users often face duplicates when managing bank statements. RDIE simplifies the cleanup process with smart matching techniques. Upload your file now and clean up your spreadsheet instantly.</p>
customer-data,Remove Duplicates from Customer Data in Excel,Learn how to clean up customer data by removing duplicates in Excel using RDIE.,<h1>Remove duplicates from customer data in Excel</h1><p>Excel users often face duplicates when managing customer data. RDIE simplifies the cleanup process with smart matching techniques. Upload your file now and clean up your spreadsheet instantly.</p>
product-inventory,Remove Duplicates from Product Inventory in Excel,Learn how to clean up product inventory by removing duplicates in Excel using RDIE.,<h1>Remove duplicates from product inventory in Excel</h1><p>Excel users often face duplicates when managing product inventory. RDIE simplifies the cleanup process with smart matching techniques. Upload your file now and clean up your spreadsheet instantly.</p>
email-lists,Remove Duplicates from Email Lists in Excel,Learn how to clean up email lists by removing duplicates in Excel using RDIE.,<h1>Remove duplicates from email lists in Excel</h1><p>Excel users often face duplicates when managing email lists. RDIE simplifies the cleanup process with smart matching techniques. Upload your file now and clean up your spreadsheet instantly.</p>
survey-results,Remove Duplicates from Survey Results in Excel,Learn how to clean up survey results by removing duplicates in Excel using RDIE.,<h1>Remove duplicates from survey results in Excel</h1><p>Excel users often face duplicates when managing survey results. RDIE simplifies the cleanup process with smart matching techniques. Upload your file now and clean up your spreadsheet instantly.</p>
employee-records,Remove Duplicates from Employee Records in Excel,Learn how to clean up employee records by removing duplicates in Excel using RDIE.,<h1>Remove duplicates from employee records in Excel</h1><p>Excel users often face duplicates when managing employee records. RDIE simplifies the cleanup process with smart matching techniques. Upload your file now and clean up your spreadsheet instantly.</p>
CRM-exports,Remove Duplicates from Crm Exports in Excel,Learn how to clean up CRM exports by removing duplicates in Excel using RDIE.,<h1>Remove duplicates from CRM exports in Excel</h1><p>Excel users often face duplicates when managing CRM exports. RDIE simplifies the cleanup process with smart matching techniques. Upload your file now and clean up your spreadsheet instantly.</p>
form-submissions,Remove Duplicates from Form Submissions in Excel,Learn how to clean up form submissions by removing duplicates in Excel using RDIE.,<h1>Remove duplicates from form submissions in Excel</h1><p>Excel users often face duplicates when managing form submissions. RDIE simplifies the cleanup process with smart matching techniques. Upload your file now and clean up your spreadsheet instantly.</p>
student-registration,Remove Duplicates from Student Registration in Excel,Learn how to clean up student registration by removing duplicates in Excel using RDIE.,<h1>Remove duplicates from student registration in Excel</h1><p>Excel users often face duplicates when managing student registration. RDIE simplifies the cleanup process with smart matching techniques. Upload your file now and clean up your spreadsheet instantly.</p>
event-attendance,Remove Duplicates from Event Attendance in Excel,Learn how to clean up event attendance by removing duplicates in Excel using RDIE.,<h1>Remove duplicates from event attendance in Excel</h1><p>Excel users often face duplicates when managing event attendance. RDIE simplifies the cleanup process with smart matching techniques. Upload your file now and clean up your spreadsheet instantly.</p>
donor-records,Remove Duplicates from Donor Records in Excel,Learn how to clean up donor records by removing duplicates in Excel using RDIE.,<h1>Remove duplicates from donor records in Excel</h1><p>Excel users often face duplicates when managing donor records. RDIE simplifies the cleanup process with smart matching techniques. Upload your file now and clean up your spreadsheet instantly.</p>
job-applications,Remove Duplicates from Job Applications in Excel,Learn how to clean up job applications by removing duplicates in Excel using RDIE.,<h1>Remove duplicates from job applications in Excel</h1><p>Excel users often face duplicates when managing job applications. RDIE simplifies the cleanup process with smart matching techniques. Upload your file now and clean up your spreadsheet instantly.</p>
financial-reports,Remove Duplicates from Financial Reports in Excel,Learn how to clean up financial reports by removing duplicates in Excel using RDIE.,<h1>Remove duplicates from financial reports in Excel</h1><p>Excel users often face duplicates when managing financial reports. RDIE simplifies the cleanup process with smart matching techniques. Upload your file now and clean up your spreadsheet instantly.</p>
purchase-orders,Remove Duplicates from Purchase Orders in Excel,Learn how to clean up purchase orders by removing duplicates in Excel using RDIE.,<h1>Remove duplicates from purchase orders in Excel</h1><p>Excel users often face duplicates when managing purchase orders. RDIE simplifies the cleanup process with smart matching techniques. Upload your file now and clean up your spreadsheet instantly.</p>
supplier-lists,Remove Duplicates from Supplier Lists in Excel,Learn how to clean up supplier lists by removing duplicates in Excel using RDIE.,<h1>Remove duplicates from supplier lists in Excel</h1><p>Excel users often face duplicates when managing supplier lists. RDIE simplifies the cleanup process with smart matching techniques. Upload your file now and clean up your spreadsheet instantly.</p>
vendor-data,Remove Duplicates from Vendor Data in Excel,Learn how to clean up vendor data by removing duplicates in Excel using RDIE.,<h1>Remove duplicates from vendor data in Excel</h1><p>Excel users often face duplicates when managing vendor data. RDIE simplifies the cleanup process with smart matching techniques. Upload your file now and clean up your spreadsheet instantly.</p>
membership-lists,Remove Duplicates from Membership Lists in Excel,Learn how to clean up membership lists by removing duplicates in Excel using RDIE.,<h1>Remove duplicates from membership lists in Excel</h1><p>Excel users often face duplicates when managing membership lists. RDIE simplifies the cleanup process with smart matching techniques. Upload your file now and clean up your spreadsheet instantly.</p>
applicant-tracking,Remove Duplicates from Applicant Tracking in Excel,Learn how to clean up applicant tracking by removing duplicates in Excel using RDIE.,<h1>Remove duplicates from applicant tracking in Excel</h1><p>Excel users often face duplicates when managing applicant tracking. RDIE simplifies the cleanup process with smart matching techniques. Upload your file now and clean up your spreadsheet instantly.</p>
medical-records,Remove Duplicates from Medical Records in Excel,Learn how to clean up medical records by removing duplicates in Excel using RDIE.,<h1>Remove duplicates from medical records in Excel</h1><p>Excel users often face duplicates when managing medical records. RDIE simplifies the cleanup process with smart matching techniques. Upload your file now and clean up your spreadsheet instantly.</p>
clinical-trial-data,Remove Duplicates from Clinical Trial Data in Excel,Learn how to clean up clinical trial data by removing duplicates in Excel using RDIE.,<h1>Remove duplicates from clinical trial data in Excel</h1><p>Excel users often face duplicates when managing clinical trial data. RDIE simplifies the cleanup process with smart matching techniques. Upload your file now and clean up your spreadsheet instantly.</p>
research-datasets,Remove Duplicates from Research Datasets in Excel,Learn how to clean up research datasets by removing duplicates in Excel using RDIE.,<h1>Remove duplicates from research datasets in Excel</h1><p>Excel users often face duplicates when managing research datasets. RDIE simplifies the cleanup process with smart matching techniques. Upload your file now and clean up your spreadsheet instantly.</p>
warehouse-inventory,Remove Duplicates from Warehouse Inventory in Excel,Learn how to clean up warehouse inventory by removing duplicates in Excel using RDIE.,<h1>Remove duplicates from warehouse inventory in Excel</h1><p>Excel users often face duplicates when managing warehouse inventory. RDIE simplifies the cleanup process with smart matching techniques. Upload your file now and clean up your spreadsheet instantly.</p>
retail-sales-logs,Remove Duplicates from Retail Sales Logs in Excel,Learn how to clean up retail sales logs by removing duplicates in Excel using RDIE.,<h1>Remove duplicates from retail sales logs in Excel</h1><p>Excel users often face duplicates when managing retail sales logs. RDIE simplifies the cleanup process with smart matching techniques. Upload your file now and clean up your spreadsheet instantly.</p>
marketing-leads,Remove Duplicates from Marketing Leads in Excel,Learn how to clean up marketing leads by removing duplicates in Excel using RDIE.,<h1>Remove duplicates from marketing leads in Excel</h1><p>Excel users often face duplicates when managing marketing leads. RDIE simplifies the cleanup process with smart matching techniques. Upload your file now and clean up your spreadsheet instantly.</p>
conference-signups,Remove Duplicates from Conference Signups in Excel,Learn how to clean up conference signups by removing duplicates in Excel using RDIE.,<h1>Remove duplicates from conference signups in Excel</h1><p>Excel users often face duplicates when managing conference signups. RDIE simplifies the cleanup process with smart matching techniques. Upload your file now and clean up your spreadsheet instantly.</p>
training-enrollments,Remove Duplicates from Training Enrollments in Excel,Learn how to clean up training enrollments by removing duplicates in Excel using RDIE.,<h1>Remove duplicates from training enrollments in Excel</h1><p>Excel users often face duplicates when managing training enrollments. RDIE simplifies the cleanup process with smart matching techniques. Upload your file now and clean up your spreadsheet instantly.</p>
subscription-lists,Remove Duplicates from Subscription Lists in Excel,Learn how to clean up subscription lists by removing duplicates in Excel using RDIE.,<h1>Remove duplicates from subscription lists in Excel</h1><p>Excel users often face duplicates when managing subscription lists. RDIE simplifies the cleanup process with smart matching techniques. Upload your file now and clean up your spreadsheet instantly.</p>
utility-bills,Remove Duplicates from Utility Bills in Excel,Learn how to clean up utility bills by removing duplicates in Excel using RDIE.,<h1>Remove duplicates from utility bills in Excel</h1><p>Excel users often face duplicates when managing utility bills. RDIE simplifies the cleanup process with smart matching techniques. Upload your file now and clean up your spreadsheet instantly.</p>
payment-logs,Remove Duplicates from Payment Logs in Excel,Learn how to clean up payment logs by removing duplicates in Excel using RDIE.,<h1>Remove duplicates from payment logs in Excel</h1><p>Excel users often face duplicates when managing payment logs. RDIE simplifies the cleanup process with smart matching techniques. Upload your file now and clean up your spreadsheet instantly.</p>
shipping-records,Remove Duplicates from Shipping Records in Excel,Learn how to clean up shipping records by removing duplicates in Excel using RDIE.,<h1>Remove duplicates from shipping records in Excel</h1><p>Excel users often face duplicates when managing shipping records. RDIE simplifies the cleanup process with smart matching techniques. Upload your file now and clean up your spreadsheet instantly.</p>
customer-feedback,Remove Duplicates from Customer Feedback in Excel,Learn how to clean up customer feedback by removing duplicates in Excel using RDIE.,<h1>Remove duplicates from customer feedback in Excel</h1><p>Excel users often face duplicates when managing customer feedback. RDIE simplifies the cleanup process with smart matching techniques. Upload your file now and clean up your spreadsheet instantly.</p>
ticket-sales,Remove Duplicates from Ticket Sales in Excel,Learn how to clean up ticket sales by removing duplicates in Excel using RDIE.,<h1>Remove duplicates from ticket sales in Excel</h1><p>Excel users often face duplicates when managing ticket sales. RDIE simplifies the cleanup process with smart matching techniques. Upload your file now and clean up your spreadsheet instantly.</p>
insurance-claims,Remove Duplicates from Insurance Claims in Excel,Learn how to clean up insurance claims by removing duplicates in Excel using RDIE.,<h1>Remove duplicates from insurance claims in Excel</h1><p>Excel users often face duplicates when managing insurance claims. RDIE simplifies the cleanup process with smart matching techniques. Upload your file now and clean up your spreadsheet instantly.</p>
loan-applications,Remove Duplicates from Loan Applications in Excel,Learn how to clean up loan applications by removing duplicates in Excel using RDIE.,<h1>Remove duplicates from loan applications in Excel</h1><p>Excel users often face duplicates when managing loan applications. RDIE simplifies the cleanup process with smart matching techniques. Upload your file now and clean up your spreadsheet instantly.</p>
mortgage-records,Remove Duplicates from Mortgage Records in Excel,Learn how to clean up mortgage records by removing duplicates in Excel using RDIE.,<h1>Remove duplicates from mortgage records in Excel</h1><p>Excel users often face duplicates when managing mortgage records. RDIE simplifies the cleanup process with smart matching techniques. Upload your file now and clean up your spreadsheet instantly.</p>
legal-case-files,Remove Duplicates from Legal Case Files in Excel,Learn how to clean up legal case files by removing duplicates in Excel using RDIE.,<h1>Remove duplicates from legal case files in Excel</h1><p>Excel users often face duplicates when managing legal case files. RDIE simplifies the cleanup process with smart matching techniques. Upload your file now and clean up your spreadsheet instantly.</p>
government-census-data,Remove Duplicates from Government Census Data in Excel,Learn how to clean up government census data by removing duplicates in Excel using RDIE.,<h1>Remove duplicates from government census data in Excel</h1><p>Excel users often face duplicates when managing government census data. RDIE simplifies the cleanup process with smart matching techniques. Upload your file now and clean up your spreadsheet instantly.</p>
school-performance-records,Remove Duplicates from School Performance Records in Excel,Learn how to clean up school performance records by removing duplicates in Excel using RDIE.,<h1>Remove duplicates from school performance records in Excel</h1><p>Excel users often face duplicates when managing school performance records. RDIE simplifies the cleanup process with smart matching techniques. Upload your file now and clean up your spreadsheet instantly.</p>
classroom-attendance,Remove Duplicates from Classroom Attendance in Excel,Learn how to clean up classroom attendance by removing duplicates in Excel using RDIE.,<h1>Remove duplicates from classroom attendance in Excel</h1><p>Excel users often face duplicates when managing classroom attendance. RDIE simplifies the cleanup process with smart matching techniques. Upload your file now and clean up your spreadsheet instantly.</p>
course-registrations,Remove Duplicates from Course Registrations in Excel,Learn how to clean up course registrations by removing duplicates in Excel using RDIE.,<h1>Remove duplicates from course registrations in Excel</h1><p>Excel users often face duplicates when managing course registrations. RDIE simplifies the cleanup process with smart matching techniques. Upload your file now and clean up your spreadsheet instantly.</p>
library-checkouts,Remove Duplicates from Library Checkouts in Excel,Learn how to clean up library checkouts by removing duplicates in Excel using RDIE.,<h1>Remove duplicates from library checkouts in Excel</h1><p>Excel users often face duplicates when managing library checkouts. RDIE simplifies the cleanup process with smart matching techniques. Upload your file now and clean up your spreadsheet instantly.</p>
real-estate-listings,Remove Duplicates from Real Estate Listings in Excel,Learn how to clean up real estate listings by removing duplicates in Excel using RDIE.,<h1>Remove duplicates from real estate listings in Excel</h1><p>Excel users often face duplicates when managing real estate listings. RDIE simplifies the cleanup process with smart matching techniques. Upload your file now and clean up your spreadsheet instantly.</p>
vehicle-maintenance-logs,Remove Duplicates from Vehicle Maintenance Logs in Excel,Learn how to clean up vehicle maintenance logs by removing duplicates in Excel using RDIE.,<h1>Remove duplicates from vehicle maintenance logs in Excel</h1><p>Excel users often face duplicates when managing vehicle maintenance logs. RDIE simplifies the cleanup process with smart matching techniques. Upload your file now and clean up your spreadsheet instantly.</p>
hospital-patient-logs,Remove Duplicates from Hospital Patient Logs in Excel,Learn how to clean up hospital patient logs by removing duplicates in Excel using RDIE.,<h1>Remove duplicates from hospital patient logs in Excel</h1><p>Excel users often face duplicates when managing hospital patient logs. RDIE simplifies the cleanup process with smart matching techniques. Upload your file now and clean up your spreadsheet instantly.</p>
construction-materials,Remove Duplicates from Construction Materials in Excel,Learn how to clean up construction materials by removing duplicates in Excel using RDIE.,<h1>Remove duplicates from construction materials in Excel</h1><p>Excel users often face duplicates when managing construction materials. RDIE simplifies the cleanup process with smart matching techniques. Upload your file now and clean up your spreadsheet instantly.</p>
maintenance-schedules,Remove Duplicates from Maintenance Schedules in Excel,Learn how to clean up maintenance schedules by removing duplicates in Excel using RDIE.,<h1>Remove duplicates from maintenance schedules in Excel</h1><p>Excel users often face duplicates when managing maintenance schedules. RDIE simplifies the cleanup process with smart matching techniques. Upload your file now and clean up your spreadsheet instantly.</p>
IT-asset-lists,Remove Duplicates from It Asset Lists in Excel,Learn how to clean up IT asset lists by removing duplicates in Excel using RDIE.,<h1>Remove duplicates from IT asset lists in Excel</h1><p>Excel users often face duplicates when managing IT asset lists. RDIE simplifies the cleanup process with smart matching techniques. Upload your file now and clean up your spreadsheet instantly.</p>
software-license-records,Remove Duplicates from Software License Records in Excel,Learn how to clean up software license records by removing duplicates in Excel using RDIE.,<h1>Remove duplicates from software license records in Excel</h1><p>Excel users often face duplicates when managing software license records. RDIE simplifies the cleanup process with smart matching techniques. Upload your file now and clean up your spreadsheet instantly.</p>
support-tickets,Remove Duplicates from Support Tickets in Excel,Learn how to clean up support tickets by removing duplicates in Excel using RDIE.,<h1>Remove duplicates from support tickets in Excel</h1><p>Excel users often face duplicates when managing support tickets. RDIE simplifies the cleanup process with smart matching techniques. Upload your file now and clean up your spreadsheet instantly.</p>
